URN,OfstedURN,EstablishmentName,EstablishmentPostcode
524929,,A FOR E LIMITED T/A THE GRANTHAM PREP. SCHOOL,NG31 7UF
520536,,ABBERLEY HALL PRE-PREP,WR6 6DD
511614,EY234164,ABBEY SCHOOL NURSERY,TQ1 4PR
510356,EY337315,ABBOTSBURY SCHOOL,TQ12 2JD
106386,,ABBOTSFORD PREPARATORY SCHOOL,M41 5PR
113003,EY020126,ABBOTSHOLME SCHOOL,ST14 5BS
520025,6000,ABERDOUR SCHOOL NURSERY,KT20 6AJ
581740,EY290873,ABINGDON PREPARATORY SCHOOL,OX13 5NX
108300,,ACKWORTH SCHOOL,WF7 7LT
704600,2613481,ADORABLE CHILDCARE NURSERY,RM10 9LS
134469,553272,AFIFAH SCHOOL,M16 9GN
582156,2624458,AKS BABY & TODDLER ROOM,FY8 1DR
700086,EY466213,AKTIVA CAMPS AT ANDRE MALRAUX,GU24 9NS
130244,130244,AL AMEEN NURSERY,B11 2JR
134429,,AL MUMIN PRIMARY AND SECONDARY SCHOOL,BD8 7DA
144805,144805,ALAMIYAH SCHOOL,RM8 2ES
539701,134809,AL-AQSA PRIMARY SCHOOL,LE5 4PP
135097,135097,AL-ASHRAF NURSERY (PG),GL1 4HB
514927,EY449008,ALDERLEY EDGE SCHOOL FOR GIRLS NURSERY,SK9 7QE
131131,131131,AL-FURQAAN PREPARATORY SCHOOL,WF13 2JR
670567,670567,AL-IKHLAAS NURSERY,BB9 7SY
539728,EY373416,AL-ISLAMIA PRIMARY- PRE SCHOOL,LE2 0SA
134585,134585,AL-KHAIR SCHOOL,CR0 6BE
123909,0,ALL HALLOWS SCHOOL,BA4 4SF
115403,EY394029,ALLEYN COURT PREPARATORY SCHOOL,SS3 0PY
531640,ISC9947,ALLEYN'S JUNIOR SCHOOL,SE22 8SU
551148,EY240475,ALPHA PREPARATORY SCHOOL NURSERY,HA1 1SH
515253,EY403561,ALTON SCHOOL NURSERY EY403561,GU34 2NG
125346,6052,AMESBURY SCHOOL,GU26 6BL
556717,136162,ANNAN SCHOOL KINDERGARTEN,TN22 5RE
126620,216620,APEX PRIMARY SCHOOL,IG1 3BG
518214,EY286886,ASHBRIDGE SCHOOL AND NURSERY,PR4 4AQ
118937,,ASHFORD SCHOOL,TN23 3DJ
521051,,ASHTON HOUSE,TW7 4LW
513235,EX35,ASHVILLE COLLEGE PRE-PREP SCHOOL,HG2 9JP
135988,135988,ASSUNNAH PRIMARY SCHOOL,N17 6SB
721450,147208,ATERES ELISHEVA GIRLS PRIMARY SCHOOL,M7 4JD
552406,EY408483,AUCKLAND COLLEGE DAYCARE,L17 4LE
516316,,AUSTIN FRIARS PRE-SCHOOL,CA3 9PB
105122,EY298338,AVALON SCHOOL,CH48 2HE
101962,EY101962,AVENUE HOUSE SCHOOL,W13 8LS
515630,126523,AVONDALE SCHOOL,SP4 9DR
120731,,AYSCOUGHFEE HALL SCHOOL,PE11 2TE
601276,EY143048,AZBUKA FOUNDATION/ RUSSIAN-ENGLISH BILINGUAL SCHOOL,W6 0JS
613324,134417,AZHAR ACADEMY PRIMARY SCHOOL,E11 3HN
525322,,BADGERS NURSERY,BH21 3RF
580697,EY296659,BADMINTON JUNIOR SCHOOL,BS9 3BA
519934,116524,BALLARD SCHOOL 850/6012,BH25 5SU
125318,6001,BANSTEAD PREPARATORY SCHOOL,SM7 3RA
520032,6308,BARFIELD SCHOOL NURSERY,GU10 1PB
582990,113018,BARLBOROUGH HALL SCHOOL (EY),S43 4TJ
131261,131261,BARNET HILL ACADEMY,NW4 3ES
548636,6104,BARROW HILLS PRE PREPARATORY,GU8 5NY
511051,EY559865,BATTLE ABBEY PREP SCHOOL NURSERY,TN40 2NH
510708,EY255638,BCS PREP KINDERGARTEN,BH14 9JY
512077,110550,BEACHBOROUGH SCHOOL CHILDCARE,NN13 5LB
584762,EY404867,BEAUTIFUL BEGINNINGS DAY NURSERY,L40 9RQ
517849,EY340176,BEDE'S NURSERY,BN20 7XL
635267,2597788,BEDFORD GREENACRE INDEPENDENT SCHOOL LIMITED,MK40 2DL
123599,123599,BEDSTONE COLLEGE,SY7 0BG
675904,2637091,BEECH HALL SCHOOL NURSERY,SK10 2EG
105855,EY105855,BEECH HOUSE SCHOOL,OL11 4JQ
524137,,BEECHWOOD SCHOOL LTD,TN2 3QD
102867,102867,BEEHIVE PREPARATORY SCHOOL,IG4 5ED
501325,136117,BEIS MALKA BELZ GIRLS SCHOOL,M7 2BT
521898,100295,BEIS MALKA NURSERY,N16 6XD
531255,100293,BEIS ROCHEL AMHURST BOYS NURSERY,N16 5DR
516561,100293,BEIS ROCHEL AMHURST NURSERY,N16 6BB
721407,147272,BEIS ROCHEL MCR GIRLS SCHOOL,M7 2FZ
130286,130286,BEIS RUCHEL GIRLS SCHOOL,M7 4BE
131026,EY316479,BEIS SOROH SCHNEIRER,NW9 6AX
531175,131342,BEIS TRANA GIRLS SCHOOL,E5 9DH
136817,136817,BEIS YAAKOV GIRLS SCHOOL,N16 0QJ
121746,,BELMONT GROSVENOR SCHOOL,HG3 2JG
694510,6175,BELMONT PREPARATORY SCHOOL,RH5 6LQ
536086,EY556388,BERTIE'S NURSERY SCHOOL,BS48 1PF
107168,,BETHANY SCHOOL,S3 7PS
605716,2599524,BEXLEY FOREST SCHOOL PRE SCHOOL,DA5 3JB
510250,130283,BICKER PREPARATORY SCHOOL,PE20 3DW
532229,EY395469,BICKLEY PARK PRE-PREPARATORY BOYS ONLY,BR1 2DS
696434,145575,BILTON GRANGE PREP SCHOOL,CV22 6QU
534147,EY320318,BIRKENHEAD PREPARATORY SCHOOL,CH43 2JD
517910,101683,BISHOP CHALLONER PRE-SCHOOL,BR2 0BS
100756,,BLACKHEATH HIGH SCHOOL,SE3 0TF
102694,,BLOSSOM HOUSE SCHOOL,KT3 6JJ
102694,,BLOSSOM HOUSE SCHOOL,NW1 1PS
681840,,BLUEBIRD NURSERY,WD23 3DA
113577,511134,BLUNDELL'S PREPARATORY SCHOOL,EX16 4NA
137318,,BNEI ZION COMMUNITY SCHOOL,N16 6TJ
100291,,BNOIS JERUSALEM GIRLS SCHOOL,N16 5DL
721406,147366,BNOS MARGULIS VIZNITZ GIRLS SCHOOL,M7 4DQ
581284,105996,BNOS YISROEL IND SCHOOL,M7 4DA
136015,,BNOS ZION OF BOBOV,N16 6TJ
521401,999999,BOOTHAM JUNIOR SCHOOL,YO30 6NP
523841,116558,BOUNDARY OAK SCHOOL 116558,PO17 5BL
512307,,BOWBROOK HOUSE SCHOOL NURSERY,WR10 2EE
521165,EY421480,BRABYNS SCHOOL,SK6 7DB
121757,EY305335,BRACKENFIELD SCHOOL,HG1 2HE
107461,,BRADFORD CHRISTIAN SCHOOL,BD2 1BT
115386,514123,BRAESIDE SCHOOL,IG9 5SD
126150,999999,BRAMBLETYE SCHOOL,RH19 3PD
548102,EY406728,BRANDESTON HALL SCHOOL,IP13 7AH
105991,105991,BRANWOOD PREPARATORY SCHOOL,M30 9HN
513784,101684,BREASIDE PREPARATORY,BR1 2PR
582432,105912,BRIDGEWATER INDEPENDENT SCHOOL NURSERY,M28 2WQ
511498,6519,BRIGHT STARS AT CRANMORE PREPARATORY SCHOOL,KT24 6AT
521735,133348,BRIGHTON & HOVE MONTESSORI,BN1 6FB
514932,6019,BRIGHTON COLLEGE NURSERY & PRE PREP SCHOOL,BN2 5JJ
635283,2712013,BRIGHTSTARS DAY CARE,MK42 7BS
109345,109345,BRISTOL STEINER SCHOOL,BS6 6UX
605058,140236,BROADFIELDS PRIMARY SCHOOL,HA8 8JP
110127,110127,BROCKHURST AND MARLSTON HOUSE SCHOOLS,RG18 9UL
510107,,BROMSGROVE PRE-PREP & NURSERY SCHOOL,B60 4JS
511054,529205,BRONTE HOUSE SCHOOL (NURSERY),BD10 0PQ
582357,ISI,BRONTE SCHOOL - BRONTE SCHOOL & NURSERY LTD,DA11 0HN
539751,EY414638,BROOKE PRIORY NURSERY,LE15 6QW
518026,999999,BROOKHAM SCHOOL (PRE-PREP),GU30 7LQ
514044,251427,BROOKSIDE PRE-SCHOOL,IP2 9LQ
102938,102938,BROOMFIELD HOUSE SCHOOL,TW9 3HS
136153,EY254264,BROUGHTON MANOR PREPARATORY SCHOOL,MK10 9AA
584320,118979,BRYONY SCHOOL NURSERY CLASS,ME8 0AJ
586637,EY352478,BUCKINGHAM COLLEGE NURSERY,HA5 5DT
551149,EY240834,BUCKINGHAM PREPARATORY SCHOOL (N),HA5 5DT
517612,EY392559,BURGESS HILL NURSERY,RH15 0EG
683793,139235,BURTON HATHOW PREPARATORY SCHOOL LIMITED,LN1 2BB
105369,105369,BURY CATHOLIC PREPARATORY SCHOOL,BL9 9BH
603431,138564,BUTTERCUP NURSERY AND PRIMARY,E1 2LX
582964,6090,CALVI HOUSE PRE-PREP (FELTONFLEET SCHOOL),KT11 1DR
656048,656048,CAMBRIDGE INTERNATIONAL SCHOOL OAKS NURSERY,CB1 8DW
519505,131937,CAMBRIDGE STEINER SCHOOL KINDERGARTEN,CB21 5DZ
104723,222222,CARLETON HOUSE PREPARATORY SCHOOL,L18 3EE
517889,2654093,CASTLE HOUSE SCHOOL NURSERY & PRE-SCHOOL,TF10 7JE
540649,110177,CAVERSHAM PREP SCHOOL,RG4 8JZ
540220,540220,CHAFYN GROVE PRE-SCHOOL,SP1 1LR
584156,EY394338,CHANDLINGS,OX1 5ND
123927,,CHARD SCHOOL,TA20 1QA
582190,118977,CHARTFIELD PRIVATE SCHOOL,CT8 8DA
517437,291556,CHASE GRAMMAR SCHOOL   031,WS11 0UR
510553,EY291560,CHATSWORTH SCHOOLS (HIGHFIELD PREPARATORY) LTD,SL6 1PD
592554,EY501451,CHEADLE HULME JUNIOR SCHOOL,SK8 6EF
743383,116520,CHEAM SCHOOL 116520,RG19 8LD
513789,6033,CHELTENHAM COLLEGE PREPARATORY SCHOOL (PRE-PREP) - NUIS,GL53 7AB
692363,935/6065,CHERRY TREES MONTESSORI AT BROOKES,IP28 6QJ
512293,6347,CHINTHURST SCHOOL NURSERY,KT20 5QZ
512071,102547,CHISWICK & BEDFORD PARK PREP SCHOOL,W4 1TX
550987,EY404789,CHISWICK & BEDFORD PARK PREPARATORY SCHOOL NURSERY,W4 1DR
661492,3164003,CHOBHAM ACADEMY,E20 1BD
123287,SC013030,CHRIST CHURCH CATHEDRAL SCHOOL,OX1 1QW
743397,116579,CHURCHERS COLLEGE NURSERY (NURSERY UNIT OF IND. SCHOOL) - 116579,GU31 4AS
582607,EY290855,CLAIRES COURT JUNIOR BOYS,SL6 3QE
582609,EY297370,CLAIRES COURT NURSERY,SL6 6AW
517413,6032,CLAREMONT FAN COURT PRE-PREPARATORY AND NURSERY,KT10 9LY
512305,1159395,CLAREMONT NURSERY (PRE-PREP),TN37 7PW
510090,106001,CLARENDON COTTAGE SCHOOL,M30 9BJ
109339,109339,CLEVE HOUSE SCHOOL,BS4 2PN
523889,523889,CLEVELANDS PREPARATORY SCHOOL,BL1 5DH
109335,109335,CLIFTON HIGH SCHOOL,BS8 3JD
598805,6438,COACH HOUSE NURSERY COPTHORNE PREPARATORY SCHOOL,RH10 3HR
510283,115409,COLCHESTER HIGH SCHOOL NURSERY,CO3 3HD
109336,109336,COLLEGIATE SCHOOL BRISTOL,BS16 1BA
103017,999994,COLLINGWOOD SCHOOL,SM6 0BD
563178,135366,COLSTON BASSETT PREPARATORY SCHOOL,NG12 3FD
511073,EY291470,CONIFERS SCHOOL EARLY YEARS DEPARTMENT,GU29 9BG
115435,EY397364,COOPERSALE HALL SCHOOL,CM16 7PE
511148,,COPTHILL NURSERY & PREP SCHOOL,PE9 3AD
511993,6543,COWORTH-FLEXLANDS SCHOOL,GU24 8TE
125772,EY307903,CRACKLEY HALL SCHOOL,CV8 2FT
123303,123303,CRANFORD HOUSE SCHOOL TRUST LIMITED,OX10 9HT
111483,,CRANSLEY SCHOOL,CW9 6HN
548928,EY298293,CRESCENT SCHOOL NURSERY,CV22 7QH
126533,652482,CRICKLADE MANOR PREP,SN6 6BB
605735,2634940,CROFT DAY NURSERY BEXLEYHEATH,DA6 8LQ
518986,110155,CROSFIELDS SCHOOL TRUST LTD ,RG2 9BL
110557,110557,CROWN HOUSE SCHOOL,HP11 1QX
101845,101845,CROYDON HIGH SCHOOL,CR2 8YB
130857,,CRYSTAL GARDENS PRIMARY SCHOOL,BD5 7PE
520436,101829,CUMNOR HOUSE CROYDON,CR2 6DH
598991,136226,CUMNOR HOUSE PURLEY,CR8 3HB
697445,999999,CUMNOR HOUSE SUSSEX,RH17 7HT
121752,,CUNDALL MANOR SCHOOL,YO61 2RW
636365,110554,DAIR HOUSE PREPARATORY SCHOOL,SL2 3BY
535341,133425,DALE HOUSE INDEPENDENT PREP SCHOOL & NURSERY,WF17 8HL
628196,,DAME ALLAN'S JUNIOR SCHOOL AND NURSERY,NE2 4PG
518220,113023,DAME CATHERINE HARPUR'S SCHOOL (EY),DE73 7JW
512032,6272,DANES HILL PREPARATORY SCHOOL,KT22 0GJ
548228,6091,DANESFIELD MANOR SCHOOL NURSERY,KT12 3JB
743410,116550,DANESHILL SCHOOL 116550,RG27 0AR
533080,2675503,DARUL MADINAH LONDON LIMITED,E7 9HZ
603433,139221,DATE PALM PRIMARY SCHOOL,E1 2DE
551469,109774,DATE VALLEY SCHOOL TRUST,CR4 4LB
552104,EY365122,DAVENPORT LODGE NURSERYSCHOOL,CV5 6QA
605728,2503179,DAZZLING STARS PRE-SCHOOL,DA8 1SA
513532,115799,DEAN CLOSE AIRTHRIE SCHOOL (DCAS) - NUIS,GL50 2NY
679746,EY494618,DEAN CLOSE LITTLE TREES NURSERY TUTSHILL,NP16 7LE
582983,6034,DEAN CLOSE PRE-PREPARATORY SCHOOL - NUIS,GL51 6QS
639081,105355,DERBY HIGH SCHOOL - NURSERY UNIT,DE23 3DT
100080,333333,DEVONSHIRE HOUSE PREPARATORY SCHOOL,NW3 6AE
743405,116575,DITCHAM PARK SCHOOL 116575,GU31 5RN
512321,EY291341,DOLPHIN SCHOOL LTD,RG10 0FR
102687,102687,DONHEAD PREPARATORY SCHOOL,SW19 4NP
118940,,DOVER COLLEGE,CT17 9RH
546801,EY398091,DOWNHAM NURSERY SCHOOL,PE38 9QG
500329,EY305661,DOWNHAM PREPARATORY SCHOOL & MONTESSORI NURSERY,PE34 3HT
583683,117002,DOWNS MALVERN COLLEGE PRE-PREP,WR13 6EY
120728,120728,DUDLEY HOUSE SCHOOL,NG31 9AA
125336,6036,DUKE OF KENT SCHOOL,GU6 7NS
118990,,DULWICH PREP CRANBROOK,TN17 3NP
514485,,DUMPTON NURSERY,BH21 7AF
510550,EY291547,DUNANNIE SCHOOL  (BEDALES),GU32 2DP
641062,EY245522,DURHAM CATHEDRAL SCHOOLS FOUNDATION - FULL DAY CARE + NURS ED,DH1 3LS
515154,116522,DURLSTON COURT SCHOOL (KINDERGARTEN DEPARTMENT) 850/6056,BH25 7AQ
110133,110133,EAGLE HOUSE SCHOOL,GU47 8PH
605733,2611317,EASY PEASY NURSERY AND DAYCARE,DA18 4HB
100371,EY100371,ECOLE FRANÇAISE DE LONDRES JACQUES PRÉVERT,W6 7BE
598904,EY100547,ECOLE MARIE D'ORLIAC,SW6 3AA
511622,EY312370,EDENHURST PREPARATORY SCHOOL   053,ST5 2PU
103567,,EDGBASTON HIGH SCHOOL FOR GIRLS,B15 3TS
695202,6037,EDGEBOROUGH NURSERY,GU10 3AH
136014,EY136014,EDGWARE JEWISH GIRLS - BEIS CHINUCH,HA8 7PH
131351,131351,EDUCARE SMALL SCHOOL,KT2 6DZ
585254,100298,EGERTON NURSERY,N16 6UE
615490,103876,ELMFIELD KINDERGARTEN & NURSERY,DY8 2EA
517949,101831,ELMHURST SCHOOL,CR2 7DW
599830,116515,EMBLEY 116515,SO51 6ZA
123317,123317,EMMANUEL CHRISTIAN SCHOOL,OX4 4PU
599366,130323,EMMANUEL NURSERY,WS2 8PR
537680,381/6000,EMMANUEL SCHOOL - NURSERY UNIT,DE22 1FP
125420,6528,ESSENDENE LODGE SCHOOL,CR3 5PB
511110,EY291473,ETON END SCHOOL NURSERY,SL3 9AX
100372,EY293355,EVERGREEN PRIMARY SCHOOL,SW6 4HW
510563,0,EVERSFIELD PREPARATORY SCHOOL NURSERY,B91 1AT
510524,6203,EWELL CASTLE PREPARATORY SCHOOL,KT17 2AW
113561,113561,EXETER CATHEDRAL SCHOOL,EX1 1HX
109363,109363,FAIRFIELD PNEU SCHOOL,BS48 3PD
522361,EY543855,FAIRSTEAD HOUSE SCHOOL,CB8 7AA
612461,145195,FALCONS PREP SCHOOL RICHMOND,TW9 2SS
100523,100523,FALCONS PRE-PREPARATORY CHISWICK,W4 3DT
100520,100520,FALKNER HOUSE,SW7 4QB
601840,,FALKNER HOUSE BOYS SCHOOL,SW5 9SU
582272,12448,FARLEIGH PRE PREP AND KINDERGARTEN 012448,SP11 7PW
606381,101685,FARRINGTONS PRE SCHOOL,BR7 6LR
582736,105747,FARROWDALE HOUSE SCHOOL (NURSERY CLASS),OL2 7AD
639685,2660806,FERNDOWN DAY NURSERY,BH22 9BG
511165,111165,FINBOROUGH SCHOOL MONTESSORI NURSERY,IP14 3EF
605124,EY303773,FINCHLEY YOCHIEN,N3 1UE
511149,EY604500,FIRS EDUCATION LTD,CH2 2HJ
520409,9216002,FIVEWAYS  RYDE SCHOOL WITH UPPER CHINE,PO33 3BE
524726,EY256367,FLETEWOOD SCHOOL,PL4 6AN
547350,ISA132048,FOREST FARM (OXFORD MONTESSORI NURSERY),OX3 9UW
106382,511976,FOREST PARK PREPARATORY SCHOOL,M33 6NB
103110,518651,FOREST SCHOOL,WA15 6LJ
639673,2623955,FORGET ME NOT DAY NURSERY,DT9 4EG
512567,116519,FORRES SANDLE MANOR PREPARATORY SCHOOL,SP6 1NS
524470,119016,FOSSE BANK NEW SCHOOL,TN11 8ND
693485,6038,FRENSHAM HEIGHTS NURSERY,GU10 4EA
584536,131165,FULHAM PREP SCHOOL,SW6 3JJ
118944,,GAD'S HILL SCHOOL,ME3 7PA
100522,100522,GARDEN HOUSE SCHOOL,SW3 4TW
100980,100980,GATEHOUSE SCHOOL,E2 9JG
108419,108419,GATESHEAD JEWISH NURSERY SCHOOL,NE8 1RB
516330,516330,GATEWAY SCHOOL AND CLUB,HP16 9AA
108104,529206,GATEWAYS SCHOOL,LS17 9LE
510564,110549,GENEVIEVE EARLY YEARS,MK17 0HJ
107449,,GHYLL ROYD SCHOOL AND PRE-SCHOOL,LS29 7HW
102355,240583,GIDEA PARK PREPARATORY SCHOOL AND NURSERY,RM2 5JR
555087,EX53,GIGGLESWICK JUNIOR SCHOOL EARLY YEARS UNIT,BD24 0DG
121223,EY298976,GLEBE HOUSE SCHOOL,PE36 6HW
100508,100508,GLENDOWER PREPARATORY SCHOOL,SW7 5JX
125377,6181,GLENESK SCHOOL,KT24 6NS
540052,540052,GODOLPHIN PREP SCHOOL (EARLY YEARS),SP1 2RB
604619,EY140962,GORESBROOK SCHOOL,RM9 6XW
115396,510540,GOSFIELD SCHOOL,CO9 1PF
109343,109343,GRACEFIELD PREPARATORY SCHOOL,BS16 2RG
102062,102062,GRANGE PARK PREPARATORY SCHOOL,N21 2EA
102789,3166051,GRANGEWOOD INDEPENDENT SCHOOL,E7 8QT
667656,ISI,GRANVILLE SCHOOL  THE - THE ENA MAKIN EDUCATIONAL TRUST,TN13 3LJ
519266,999999,GREAT BALLARD NURSERY,PO18 0LR
512585,EY287053,GREENBANK SCHOOL,SK8 6HU
125399,6401,GREENFIELD SCHOOL,GU22 8HY
538276,EY452879,GREENFIELDS MONTESSORI NURSERY,RH18 5JD
784147,2661290,GREENWICH HOUSE SCHOOL  KINDERGARTEN & CRECHE,LN11 0HE
132066,132066,GREENWICH STEINER SCHOOL,SE3 7SE
500401,121222,GRESHAM'S NURSERY AND PRE-PREPARATORY SCHOOL,NR25 6BB
555593,110558,GRIFFIN HOUSE PREPARATORY SCHOOL,HP17 0XP
115437,580672,GURU GOBIND SINGH KHALSA COLLEGE,IG7 6BJ
682883,N/A,GURUKULA - THE HARE KRISHNA SCHOOL,WD25 8HB
125407,6444,HALL GROVE SCHOOL,GU19 5HZ
515626,257164,HALLFIELD PRE-PREP  NURSERY DEPT,B15 3SJ
517886,6402,HALSTEAD SCHOOL,GU21 4EE
612381,133443,HAMPTON COURT HOUSE SCHOOL,KT8 9BS
580914,240849,HAMPTON PRE PREP AND PREP SCHOOL,TW12 2UQ
511050,ISI Inspe,HANDEL HOUSE SCHOOL LIMITED,DN21 2JB
598747,EY394827,HAZELWOOD SCHOOL NURSERY,RH8 0AA
123931,,HAZLEGROVE PREPARATORY SCHOOL,BA22 7JA
511066,511066,HEATHCOTE SCHOOL LIMITED,CM3 4QB
512080,EY317393,HEATHFIELD NURSERY & INFANT DEPT,HX6 4QA
515666,EY279901,HEATHFIELD PRE-SCHOOL AND DAY NURSERY,DY10 3QE
110112,308493,HEMDEAN HOUSE SCHOOL,RG4 7SD
605162,101368,HENDON PREPARATORY AND PRE-SCHOOL,NW4 1TD
696517,135418,HENLEY IN ARDEN MONTESSORI PRIMARY SCHOOL,B95 5JP
510736,117047,HEREFORD CATHEDRAL JUNIOR SCHOOL NURSERY,HR1 2NG
110124,EY290727,HERRIES PREPARATORY SCHOOL,SL6 9BD
510252,510252,HEYWOOD PREP NURSERY,SN13 0AP
510246,EY287857,HIGHCLARE WOODFIELD NURSERY,B72 1EA
536641,EX40,HIGHFIELD PREP (HARROGATE LADIES COLLEGE),HG1 2QG
513528,513528,HIGHFIELD PRIORY SCHOOL LTD,PR2 5RW
518316,ISI,HILDEN GRANGE SCHOOL (NURSERY UNIT),TN10 3BX
519647,EY360192,HILDEN OAKS SCHOOL,TN10 3BU
549439,106812,HILL HOUSE SCHOOL NURSERY,DN9 3GG
535326,EY305942,HIPPERHOLME GRAMMAR JUNIOR SCHOOL & NURSERY,HX3 8JE
511071,6395,HOE BRIDGE SCHOOL PRE-PREP,GU22 8JE
110148,EY8726004,HOLME GRANGE SCHOOL,RG40 3AL
118950,,HOLMEWOOD HOUSE SCHOOL,TN3 0EB
661465,115410,HOLMWOOD HOUSE PREP SCHOOL  CHITTS HILL,CO3 9ST
542443,2499293,HOLMWOOD HOUSE SCHOOL LTD - GREAT HORKESLEY,CO3 9ST
115805,115805,HOPELANDS PREPARATORY SCHOOL,GL10 2AD
743582,116526,HORRIS HILL SCHOOL NURSERY UNIT (FORFAR) - 116526,RG20 9DJ
115433,518115,HOWE GREEN HOUSE SCHOOL,CM22 7UF
107786,107786,HUDDERSFIELD GRAMMAR SCHOOL,HD1 4QX
517913,EY345634,HULL COLLEGIATE SCHOOL,HU10 7EH
512830,EY347271,HULME HALL GRAMMAR,SK8 6LA
519196,,HUNTER HALL SCHOOL - PRE SCHOOL,CA11 8UA
549048,999999,HURST PRE-PREP,BN6 9JS
103111,103111,HYLAND HOUSE SCHOOL,N17 9AE
132738,132738,IMAM MUHAMMAD ZAKARIYA SCHOOL,PR1 3TN
102360,102360,IMMANUEL SCHOOL,RM1 4HR
124888,935/6055,IPSWICH HIGH SCHOOL,IP9 1AZ
520546,935/6039,IPSWICH PREPARATORY SCHOOL PRE-SCHOOL,IP1 3QW
551092,134084,ISLAMIC SHAKSIYA FOUNDATION,N15 5RG
133453,,ISLAMIC TARBIYYAH PREPARATORY SCHOOL,BD8 8AW
533235,102939,JACK AND JILL RECEPTION NURSERY SCHOOL,TW2 5QA
511973,ISI,JUNIOR KING'S SCHOOL - (NURSERY UNIT),CT2 0AY
102060,102060,KEBLE PREPARATORY SCHOOL,N21 1BG
511157,ISI,KENT COLLEGE INFANT & JUNIOR SCHOOL,CT2 9AQ
511475,ISI,KENT COLLEGE PREPARATORY SCHOOL,TN2 4AX
512364,101381,KEREM SCHOOL - EARLY YEARS UNIT,N2 0ER
140491,140491,KEREM SHLOIME,M7 2EY
512295,120739,KEVIN BARKER T/A THE VIKING SCHOOL,PE25 2QJ
515896,102940,KEW COLLEGE,TW9 3HQ
134932,134932,KEW GREEN PREPARATORY SCHOOL,TW9 3AF
605722,2604643,KIDDIES PALACE NURSERY LIMITED,DA8 2EL
513487,EY255852,KING EDWARDS PRE-PREP SCHOOL,BA1 4AQ
513413,,KING'S HAWFORD SCHOOL KINDERGARTEN,WR3 7SE
511069,ISC21667,KING'S HOUSE NURSERY,LU4 9LJ
511138,102931,KING'S HOUSE SCHOOL (JR DEPT),TW10 6EG
133447,133447,KINGS KIDS CHRISTIAN SCHOOL,SE14 6EU
512885,EY371506,KING'S SCHOOL NURSERY,PL3 5LW
515260,0,KING'S SCHOOLS TAUNTON LTD,TA2 8AA
130278,EY356654,KINGSCOURT SCHOOL,PO8 9NJ
113604,EY553261,KINGSLEY SCHOOL,EX39 3LY
109349,,KINGSWOOD PREPARATORY SCHOOL,BA1 5SD
510038,0,KINGSWOOD SCHOOL NURSERY,B90 2BA
119835,511120,KIRKHAM GRAMMAR SCHOOL,PR4 2BH
760783,EY449544,KNELL  LAURA ELLEN,SS5 6BP
100533,100533,KNIGHTSBRIDGE SCHOOL,SW1X 0BD
137802,137802,LA CHOUETTE SCHOOL,W5 2PJ
601810,136747,LA SCUOLA ITALIANA A LONDRA,W11 4UH
106149,EY263621,LADY BARN HOUSE SCHOOL,SK8 1JE
520138,101834,LALEHAM LEA PREPARATORY SCHOOL,CR8 3JJ
511971,108117,LAMBS HILL NURSERY @ FULNECK SCHOOL,LS28 8DS
114626,6000,LANCING COLLEGE PREPARATORY SCHOOL AT HOVE,BN3 6LU
126114,999999,LANCING COLLEGE PREPARATORY SCHOOL AT WORTHING,BN14 8HU
135858,EY449298,LAND OF LEARNING PRIMARY SCHOOL,LE5 5PF
511070,6534,LANESBOROUGH SCHOOL,GU1 2EL
500751,121225,LANGLEY PREPARATORY SCHOOL,NR8 6HU
550356,EY134192,L'ECOLE BILINGUE,W2 1SJ
699423,EY422857,L'ÉCOLE INTERNATIONALE FRANCO-ANGLAISE LIMITED,W1B 1LS
521505,108110,LEEDS MENORAH SCHOOL NURSERY,LS17 6HQ
513485,EY481996,LEEDS MONTESSORI SCHOOL & DAY NURSERY,LS8 2LE
120324,120324,LEICESTER HIGH SCHOOL FOR GIRLS,LE2 2PP
120335,120335,LEICESTER ISLAMIC ACADEMY,LE2 2PJ
120329,120329,LEICESTER PREPARATORY SCHOOL,LE2 2AA
147455,147455,LIBERTY WOODLAND SCHOOL,SM4 5JD
650266,124474,LICHFIELD CATHEDRAL SCHOOL NURSERY   754,WS15 4PT
125387,6255,LINGFIELD COLLEGE,RH7 6PH
558235,EY528591,LITTLE  NULS    780,ST5 1DB
125432,125432,LITTLE DOWNSEND ASHTEAD,KT21 2RE
125378,125378,LITTLE DOWNSEND EPSOM,KT17 3AB
125405,125405,LITTLE DOWNSEND LEATHERHEAD,KT22 8ST
510657,EY547634,LITTLE GEMS,LU2 9TB
567737,EY456383,LITTLE JAYS PRE-SCHOOL,RH12 5JL
605739,2610942,LITTLE JEMS,SE28 8EY
584216,6003,LITTLE KING'S,GL1 2BG
532025,EY315042,LITTLE LIONS NURSERY,N12 8SY
511600,6132,LITTLE LYNDHURST,GU15 3NE
650727,2539416,LITTLE OWL CHILDCARE LTD - DAYCARE NURSERY    1399,WS11 1UE
650728,2527823,LITTLE OWL CHILDCARE LTD (WOODLAND NURSERY)   1400,WS7 3PH
513794,EX48,LITTLE OWLS PRE-SCHOOL,YO11 3BA
536983,EY453343,LITTLE PILGRIMS,MK41 7QZ
548028,366852,LITTLE ST JOSEPHS,IP2 9DR
519276,,LITTLE WELLIES NURSERY (WELLS CATHEDRAL SCHOOL),BA5 2ST
110162,110162,LONG CLOSE SCHOOL,SL3 7LU
125393,6315,LONGACRE SCHOOL,GU5 0NQ
122376,122376,LONGRIDGE TOWERS SCHOOL,TD15 2XQ
119014,,LORENDEN PREPARATORY SCHOOL,ME13 0EN
106387,584269,LORETO PREPARATORY SCHOOL,WA14 4GZ
103753,103753,LOTE TREE PRIMARY SCHOOL,CV6 5JQ
605741,2647844,LOTTIE'S NURSERIES LIMITED,DA15 9AE
115393,513231,LOYOLA PREPARATORY SCHOOL,IG9 5NH
512652,EY289937,LUCTON SCHOOL NURSERY,HR6 9PN
585217,131343,LYCEUM SCHOOL,EC2A 2DU
101370,101370,LYONSDOWN SCHOOL,EN5 1SA
134591,134591,MADANIYAH FOUNDATION,E7 8NN
535371,107794,MADNI MUSLIM GIRLS PRE-SCHOOL,WF12 9AY
665375,,MALVERN ST JAMES NURSERY,WR14 3BA
105592,EY518301,MANCHESTER HIGH SCHOOL FOR GIRLS,M14 6HS
511599,106003,MANCHESTER JUNIOR GIRLS SCHOOL,M7 4JA
105598,105598,MANCHESTER MUSLIM PREPARATORY SCHOOL,M20 4BA
126536,126536,MARANATHA CHRISTIAN SCHOOL,SN6 7SQ
550338,131978,MARIA MONTESSORI NURSERY (BAYSWATER),W2 4LA
590207,2026399,MARIA MONTESSORI SCHOOL  ABBEY ROAD,NW6 4SN
531426,131978,MARIA MONTESSORI SCHOOL - NOTTING HILL,W11 1JG
118942,,MARLBOROUGH HOUSE SCHOOL,TN18 4PY
605668,EY554987,MAYFAIR NURSERY,DA7 4TT
539245,,MAYVILLE NURSERY,PO5 2PE
512322,ISI,MEAD SCHOOL  THE,TN2 5SN
599014,EY438249,MEHRIA WONDERLAND,LU4 8JD
511990,116363,MEONCROSS SCHOOL KINDERGARTEN,PO14 2EF
101482,101482,MERTON COURT SCHOOL,DA14 4QU
594755,114625,MICHAEL HALL SCHOOL PARENT & CHILD AND KINDERGARTEN (0-6YRS),RH18 5JA
125357,6080,MICKLEFIELD SCHOOL,RH2 9DU
535327,EY317102,MILL COTTAGE MONTESSORI SCHOOL,HD6 4HA
517412,0,MILLFIELD PRE-PREPARATORY SCHOOL,BA6 8LD
110565,EY284818,MILTON KEYNES PREPARATORY SCHOOL,MK3 7EG
523188,SC008198,MONKTON PREP SCHOOL,BA2 7ET
105585,105585,MOOR ALLERTON PREPARATORY SCHOOL,M20 2AJ
123617,123617,MOOR PARK SCHOOL,SY8 4DZ
512079,,MOORFIELD SCHOOL LIMITED,LS29 8RL
510731,EY421831,MOORLAND NURSERY,BB7 2JA
121753,,MOORLAND WALDORF SCHOOL,YO21 2NJ
123604,123604,MORETON HALL SCHOOL,SY11 3EW
514781,999999,MOUNT JUNIOR SCHOOL (NURSERY CLASS),YO24 4DD
658230,113573,MOUNT KELLY PREPARATORY SCHOOL,PL19 9JL
122377,122377,MOWDEN HALL SCHOOL,NE43 7TP
516095,116559,MOYLES COURT SCHOOL NURSERY 116559,BH24 3NF
517551,,MYLNHURST SCHOOL AND NURSERY,S11 9HJ
101176,EY396015,NAIMA JEWISH PREPARATORY SCHOOL,NW6 5ED
133533,3026114,NANCY REUBEN PRIMARY SCHOOL,NW4 1DJ
599601,136112,NEW FOREST SMALL SCHOOL 136112,SO43 7BU
542390,115387,NEW HALL PREPARATORY SCHOOL,CM3 3HS
667479,ISI,NEW SCHOOL CANTERBURY LTD,CT4 5RU
110141,110141,NEWBOLD SCHOOL,RG42 4AH
104408,EY243461,NEWBRIDGE PREPARATORY SCHOOL,WV6 0LH
108538,,NEWCASTLE HIGH SCHOOL FOR GIRLS,NE2 4PG
517589,,NEWCASTLE PREPARATORY SCHOOL & NURSERY,NE2 4RH
535671,,NEWCASTLE SCHOOL FOR BOYS - NURSERY,NE3 4DT
102934,102934,NEWLAND HOUSE SCHOOL,TW1 4TQ
703790,101082,NEWTON PREPARATORY SCHOOL (PVI),SW8 4BX
613321,133517,NOOR UL ISLAM PRIMARY,E10 6QW
102165,EY296776,NORFOLK HOUSE SCHOOL,N10 2EG
103112,EY384680,NORMANHURST SCHOOL,E4 7BA
590335,135140,NORTH BRIDGE HOUSE - REGENT PARK,NW1 7AB
100068,,NORTH BRIDGE HOUSE NURSERY AND PRE-PREP SCHOOLS,NW2 3TL
135140,,NORTH BRIDGE HOUSE NURSERY AND PRE-PREP SCHOOLS,NW3 5JY
102169,102169,NORTH LONDON RUDOLF STEINER SCHOOL,N8 7PN
651763,EY500155,NORTH ROAD NURSERY,ST6 2BP
517582,0,NORTHAMPTON HIGH SCHOOL GDST,NN4 6UU
514113,ISI,NORTHBOURNE PARK PRE-PREP SCHOOL,CT14 0NJ
501303,121241,NORWICH HIGH SCHOOL - POLLIWIGGLE NURSERY,NR2 2HU
694891,6570,NOTRE DAME NURSERY,KT11 1HA
125447,121239,NOTRE DAME PREPARATORY SCHOOL,NR2 3TA
774241,122936,NOTTINGHAM GIRLS HIGH SCHOOL,NG1 4JB
511619,6068,NURSERY AT MANOR HOUSE SCHOOL,KT23 4EN
582689,EY332075,OAKFIELD PREPARATORY SCHOOL NURSERY,SE21 8HP
517689,102361,OAKFIELDS PREP SCHOOL,RM14 2YG
515250,EY312065,OAKHILL NURSERY AND EARLY YEARS,BB7 9AF
125372,6139,OAKHYRST GRANGE SCHOOL,CR3 6AF
510286,115419,OAKLANDS SCHOOL  LOUGHTON,IG10 4RA
585356,585356,OAKWOOD NURSERY,CR0 5RD
135539,135539,OAKWOOD PRIMARY SCHOOL,LU1 3RR
126104,999999,OAKWOOD SCHOOL,PO18 9AN
510526,935/6019,OLD BUCKENHAM HALL NURSERY SCHOOL,IP7 7PH
511121,6082,OLD PALACE OF JOHN WHITGIFT SCHOOL (NURSERY),CR2 7YN
511058,526636,OLDHAM HULME KINDERGARTEN (NURSERY),OL8 1RE
547418,547418,ORCHARD CLOSE - SIBFORD SCHOOL,OX15 5QL
101961,EY312933,ORCHARD HOUSE SCHOOL,W4 1LB
133596,EY350158,ORCHARD SCHOOL & NURSERY,MK45 4LT
609213,102248,ORLEY FARM SCHOOL PRE PREP,HA1 3NU
582863,124866,ORWELL PARK SCHOOL EDUCATIONAL TRUST LTD,IP10 0ER
514493,123613,OSWESTRY SCHOOL - BELLAN HOUSE,SY11 2ST
545063,EY539553,OSWESTRY SCHOOL PREPCARE NURSERY,SY11 2ST
517611,999999,OUR LADY OF SION NURSERY,BN11 1RE
511991,115424,OXFORD HOUSE,CO3 3NE
516579,ISA132048,OXFORD MONTESSORI NURSERY,OX2 8BD
512591,106004,OYY LUBAVITCH GIRLS SCHOOL,M7 4LH
583633,102061,PALMERS GREEN HIGH SCHOOL NURSERY,N21 3LJ
535338,132099,PARADISE PREP SCHOOL,WF12 9BB
102616,102616,PARK HILL SCHOOL,KT2 7SH
113617,EY295964,PARK SCHOOL,TQ9 6EQ
134010,EY134010,PARSONS GREEN PREP SCHOOL,SW6 4LJ
103747,103747,PATTISON COLLEGE,CV3 1FQ
137502,137502,PENINIM,NW11 9TB
126111,999999,PENNTHORPE SCHOOL,RH12 3HJ
521769,0,PERROTT HILL SCHOOL TRUST,TA18 7SL
123301,SC013044,PINEWOOD SCHOOL,SN6 8HZ
122932,122932,PLUMTREE SCHOOL,NG12 5ND
517277,113609,PLYMOUTH COLLEGE PREPARATORY SCHOOL KINDERGARTEN,PL4 6RN
109720,EY542689,POLAM SCHOOL,MK40 2BU
512581,SC042018,POLWHELE HOUSE NURSERY,TR4 9AE
514940,,PORTSMOUTH HIGH SCHOOL NURSERY,PO5 3ES
111481,,POWNALL HALL SCHOOL,SK9 5DW
567580,999999,PREBENDAL SCHOOL (THE),PO19 1RT
105118,EY377118,PRENTON PREPARATORY SCHOOL,CH43 5SY
123607,123607,PRESTFELDE SCHOOL,SY2 6NZ
105997,105997,PRESTWICH PREPARATORY SCHOOL,M25 1PZ
500090,EY240252,PRINCE'S GARDENS PREPARATORY SCHOOL,SW7 1ND
116552,538591,PRINCE'S MEAD SCHOOL,SO21 1AN
519052,EY289773,PRIORY POPPETS,B15 2UR
511580,EY313037,QUAINTON HALL SCHOOL & NURSERY,HA1 1RY
518412,EY554118,QUEENS COLLEGE,TA1 4QS
661508,134627,QUWWAT-UL-ISLAM GIRLS SCHOOL,E7 9NA
667671,ISI,RADNOR HOUSE SEVENOAKS SCHOOL - RHS (HOLDINGS) LTD,TN14 6AE
538174,EY356847,RAINBOW HILL NURSERY - DURHAM HIGH SCHOOL - FULL DAY CARE,DH1 3TB
621929,2551021,RAMILLIES HALL LTD: RAMILLIES HALL NURSERY,SK8 7AJ
524774,2609066,RAVENSCOURT PARK PREP SCHOOL,W6 0SL
670991,135219,RAWDHATUL ULOOM SCHOOL,BB10 1LU
601843,100547,RBKC SOUTH KENSINGTON PRIMARY SCHOOL,SW7 2DG
611798,139826,READ ACADEMY,IG1 3BD
121748,,READ SCHOOL,YO8 8NL
111767,,RED HOUSE SCHOOL,TS20 1DX
110137,EY495544,REDDAM HOUSE BERKSHIRE,RG41 5BG
551151,EY240850,REDDIFORD SCHOOL NURSERY,HA5 5HH
514934,6531,REIGATE ST MARY'S PREPARATORY SCHOOL,RH2 7RN
545712,6017,RENDCOMB COLLEGE JUNIOR SCHOOL NURSERY,GL7 7HA
113022,113022,REPTON PREPARATORY SCHOOL,DE65 6EJ
512582,,RGS - DODDERHILL DAYCARE,WR9 0BE
685632,121221,RIDDLESWORTH HALL NURSERY,IP22 2TA
580516,6307,RIPLEY COURT EDUCATIONAL TRUST LTD,GU23 6NE
550189,100303,RIVER HOUSE MONTESSORI DAY NURSERY,E14 9XP
667524,147083,RIVER MILL PRIMARY SCHOOL,DA1 5XR
581958,116513,ROOKWOOD SCHOOL NURSERY UNIT,SP10 3AL
118951,,ROSE HILL SCHOOL,TN4 9SY
550049,139331,ROSE HOUSE MONTESSORI SCHOOL,SE23 2UJ
132791,132791,ROSEMARY WORKS SCHOOL,N1 5PH
518499,2596488,ROSSALL NURSERY,FY7 8JW
694808,6031,ROWAN PREPARATORY SCHOOL THE BRAE,KT10 0PJ
609418,2698714,ROXETH MEAD SCHOOL AND NURSERY,HA2 0HW
109348,EY340483,ROYAL HIGH SCHOOL GDST,BA1 5SZ
101835,511154,ROYAL RUSSELL SCHOOL,CR9 5BX
520414,0,RUCKLEIGH SCHOOL NURSERY,B91 2AB
518432,6049,RYDES HILL PREPARATORY AND NURSERY SCHOOL,GU2 8BP
123295,SC013046,RYE ST ANTONY,OX3 0BY
513539,,SACRED HEART SCHOOL NURSERY,TN5 6DQ
124868,EY317398,SAINT FELIX SCHOOL,IP18 6SD
115408,EY370606,SAINT PIERRE SCHOOL,SS9 1LE
543857,ISI,SAINT RONAN'S SCHOOL,TN18 5DJ
102063,102063,SALCOMBE PREPARATORY SCHOOL,N14 4AD
126518,513223,SALISBURY CATHEDRAL SCHOOL,SP1 2EQ
122938,EY431223,SALTERFORD HOUSE SCHOOL,NG14 6NZ
510079,ISI,SANDCASTLES NURSERY - ST FAITH'S AT ASH SCHOOL LTD,CT3 2HH
697990,2680407,SEASONS NURSERY (ALDINGBOURNE),PO18 0JP
103019,EY240580,SEATON HOUSE SCHOOL,SM2 5LH
567538,999999,SECRET GARDEN (THE),RH17 6HF
140479,140479,SERAPHIC ACADEMY,S9 5DL
521743,EY310206,SHEBBEAR COLLEGE KINDERGARTEN,EX21 5HJ
522527,2542978,SHERBORNE HOUSE SCHOOL LIMITED,SO53 1EU
511074,,SHERBORNE PRE-PREPARATORY PRE-SCHOOL,DT9 3NY
564710,EY297342,SHERRARDSWOOD NURSERY,AL6 0BJ
126112,999999,SHOREHAM COLLEGE,BN43 6YW
147700,147700,SHOSHANIM,NE8 4DY
524638,6161,SHREWSBURY HOUSE PRE-PREPARATORY SCHOOL,KT10 9EA
109362,109362,SIDCOT SCHOOL,BS25 1PD
585366,133439,SIDE BY SIDE,N16 0QJ
514937,,SILCOATES PRE-SCHOOL,WF2 0PD
581621,EY100374,SINCLAIR HOUSE SCHOOL,SW6 6DA
520148,,SKIPPERS HILL MANOR PREPARATORY SCHOOL KINDERGARTEN,TN20 6HR
512314,102871,SNARESBROOK PREPARATORY SCHOOL,E18 2EA
104124,,SOLIHULL SCHOOL,B91 3DJ
515756,ISI,SOMERHILL PRE-PREPARATORY SCHOOL,TN11 0NJ
126121,999999,SOMPTING ABBOTTS SCHOOL,BN15 0AZ
510361,263216,SOUTH LEE PREPARATORY SCHOOL NURSERY,IP33 2BT
118992,,SPRING GROVE SCHOOL,TN25 5EZ
511167,,SPRINGFIELD DAY CARE,WR1 3DL
547702,0,SPRINGMEAD SCHOOL,BA11 6TA
106381,622395,ST AMBROSE PREP SCHOOL,WA15 0HF
512890,6109,ST ANDREW'S (WOKING) SCHOOL TRUST,GU21 4QW
510734,2598928,ST ANDREW'S PREP NURSERY,BN20 7RP
511271,118985,ST ANDREW'S PRE-SCHOOL,ME1 3BJ
520097,119819,ST ANNES COLLEGE KINDERGARTEN & JUNIOR SCHOOL,FY8 1HN
511171,115388,ST ANNES PREPARATORY SCHOOL,CM2 0AW
524572,113002,ST ANSELMS (EY),DE45 1DP
143037,143037,ST ANTHONY'S SCHOOL FOR GIRLS,NW11 7SX
524741,315326,ST BEDE'S COLLEGE PREPARATORY SCHOOL,M16 8HX
512888,6004,ST CATHERINE'S PREPARATORY SCHOOL,GU5 0DF
524840,101687,ST CHRISTOPHERS HALL SCHOOL,BR3 5PA
113629,EY256325,ST CHRISTOPHER'S SCHOOL,TQ9 6PF
125331,6028,ST CHRISTOPHER'S SCHOOL,KT18 5HE
649197,120326,ST CRISPINS SCHOOL,LE2 1XA
606347,101690,ST DAVIDS PREP - EARLY YEARS,BR4 0QS
513606,101839,ST DAVID'S SCHOOL NURSERY,CR8 3AL
598141,144248,ST EDMUND CAMPION CATHOLIC NURSERY,SL6 4PX
520585,N/A,ST EDMUND'S PREP,SG11 1DS
521027,ISI,ST EDMUND''S PRE-PREP AND NURSERY,CT2 8HU
518774,6053,ST EDMUNDS SCHOOL,GU26 6BH
520226,EY309807,ST EDWARDS KINDERGARTEN,GL52 6NR
654819,110114,ST EDWARDS PREP,RG30 2JH
125443,6566,ST GEORGE'S JUNIOR SCHOOL,KT13 8NL
599441,137327,ST GEORGE'S PREPARATORY SCHOOL LIMITED T/A ST GEORGE'S PREP & LITTLE DRAGONS NURSERY,PE21 7HB
614143,,ST GEORGES SCHOOL NURSERY,B15 1RX
131567,131567,ST HELENS MONTESSORI SCHOOL,ME15 0JT
512308,6042,ST HILARY'S NURSERY,GU7 1RZ
682618,N/A,ST HILDA'S SCHOOL (HARPENDEN),AL5 2ES
521632,ISI Inspe,ST HUGHS NURSERY WOODHALL SPA,LN10 6TQ
531271,2577102,ST JAMES PREP SCHOOL,W14 8SH
519888,6422,ST JOHN'S BEAUMONT PREPARATORY SCHOOL,SL4 2JN
510282,113583,ST JOHN'S INTERNATIONAL SCHOOL,EX10 8RG
123279,123279,ST JOHN'S PRIORY SCHOOL,OX16 5HX
523956,115399,ST JOHNS SCHOOL,CM12 0AR
500107,EY101174,ST JOHN'S WOOD PRE PREPARATORY SCHOOL,NW8 7NE
518342,136460,ST JOSEPH'S COLLEGE (PREPARATORY SCHOOL),ST4 5NT
530290,110111,ST JOSEPH'S COLLEGE PREPARATORY SCHOOL,RG1 5JT
119832,544480,ST JOSEPH'S PARK HILL SCHOOL,BB12 6TG
115416,582503,ST MARGARET'S PREPARATORY SCHOOL,SN11 0DF
682742,N/A,ST MARGARET'S SCHOOL BUSHEY,WD23 1DT
632616,,ST MARTINS PRE PREPARATORY,DN34 4SY
113940,113940,ST MARTIN'S SCHOOL,BH3 7NA
671366,544284,ST MARYS HALL SCHOOL,BB7 9PU
518290,118579,ST MARY'S HARE PARK SCHOOL AND NURSERY,RM2 6HH
656163,110912,ST MARY'S PRE-SCHOOL CAMBRIDGE,CB2 1LY
760692,115394,ST MARYS SCHOOL,CO3 8LT
510164,123280,ST MARY'S SCHOOL (HENLEY),RG9 1HS
610504,138771,ST MICHAEL STEINER SCHOOL,TW13 6PN
511129,116516,ST NEOT'S SCHOOL NURSERY - 116516,RG27 0PN
660665,115417,ST NICHOLAS SCHOOL (HARLOW) LIMITED,CM17 0NJ
599622,116518,ST NICHOLAS SCHOOL 116518,GU52 0RF
512886,113016,ST PETER & ST PAUL SCHOOL (EY),S41 0EF
514784,999999,ST PETER'S 2-8,YO30 6AB
113587,EY296473,ST PETER'S SCHOOL,EX8 5AU
119822,512027,ST PIUS X PREPARATORY SCHOOL,PR2 8RD
743505,116534,ST SWITHUN'S SCHOOL 116534 - WINCHESTER,SO21 1HA
514116,123614,ST WINEFRIDES RC INDEPENDENT SCHOOL,SY1 1TE
514483,830112,ST WYSTAN'S SCHOOL NURSERY,DE65 6GE
511160,EY392025,ST. DOMINIC'S PRIORY SCHOOL  182,ST15 8ER
516309,EY305167,ST. DOMINIC'S SCHOOL   183,ST19 9BA
515544,EY307180,ST. GEORGES PRE SCHOOL PLAYGROUP,SK2 6NX
582887,102065,ST. JOHNS PREPARATORY  SCHOOL,EN6 5QT
513227,EY291296,ST. PIRAN'S SCHOOL,SL6 7LZ
125414,6510,STAINES PREPARATORY SCHOOL,TW18 2BT
513238,ISI Inspe,STAMFORD NURSERY SCHOOL,PE9 2LR
135596,,STANBOROUGH PRIMARY SCHOOL,WD25 0DQ
118965,,STEEPHILL SCHOOL,DA3 7BG
518714,EY106154,STELLA MARIS  INDEPENDENT,SK4 3BR
549731,EY448901,STEPPING STONES NURSERY SCHOOL,W12 9BY
106156,EY517918,STOCKPORT GRAMMAR SCHOOL,SK2 7AF
540229,540229,STONAR NURSERY SCHOOL,SN12 8NT
113579,EY256327,STOVER SCHOOL,TQ12 6QG
125791,EY409397,STRATFORD PREPARATORY SCHOOL,CV37 6BG
520101,100648,STREATHAM & CLAPHAM HIGH SCHOOL JUNIOR DEPT,SW2 3SR
512085,116528,STROUD SCHOOL NURSERY UNIT 116528,SO51 9ZH
551372,134243,SUFFAH SCHOOL (INDEPENDENT) ADMIN RECORD,TW4 5HU
521626,,SUNNINGHILL PREP SCHOOL FOUNDATION STAGE UNIT,DT1 1EB
530288,0,SUNNY HILL NURSERY,BA10 0NT
709041,2640691,SUNRISE PRESCHOOL,N17 0EX
584732,102611,SURBITON HIGH SCHOOL FOR GIRLS,KT6 4SP
519634,103022,SUTTON HIGH SCHOOL,SM1 2AX
580556,ISI,SUTTON VALENCE PREP SCHOOL,ME17 3RF
113945,,TALBOT HEATH SCHOOL,BH4 9NJ
594603,,TALBOT HOUSE PREPARATORY SCHOOL,BH9 2LR
531230,131170,TALMUD TORAH BEIS AHARON,N16 5ED
105993,105993,TALMUD TORAH CHINUCH NORIM SCHOOL,M7 2AU
531238,100294,TALMUD TORAH MACHZIKEI HADASS,E5 9SN
590702,131121,TALMUD TORAH TIFERES SHLOMOH,NW4 2NB
131435,131435,TALMUD TORAH YETEV LEV,M7 2BT
137273,137273,TARBIYYAH PRIMARY SCHOOL,TW5 0LJ
628078,147313,TASHBAR,NE8 1RB
532066,130826,TASHBAR OF EDGWARE SCHOOL,HA8 8JL
106002,106002,TASHBAR OF MANCHESTER,M7 4HL
514533,EY310094,TAUNTON SCHOOL PRE-PREP & NURSERY,TA2 6AE
617345,104735,TEDDY'S NURSERY @ ROYAL SCHOOL FOR THE BLIND,L15 6TQ
515551,,TEESSIDE HIGH,TS16 9AT
121732,,TERRINGTON HALL SCHOOL,YO60 6PR
512309,,THE  PORTSMOUTH  GRAMMAR SCHOOL  NURSERY,PO1 2LN
539222,,THE  PORTSMOUTH GRAMMAR SCHOOL  RECEPTION CLASS,PO1 2LN
511056,955529,THE ABBEY SCHOOL,RG2 7AR
104729,104729,THE BELVEDERE PREPARATORY SCHOOL,L8 3TF
519718,,THE BLUE COAT SCHOOL,B17 0HR
107795,107795,THE BRANCH CHRISTIAN SCHOOL,WF13 4LA
538527,114661,THE BRIGHTON WALDORF SCHOOL,BN2 5RA
100066,EY240582,THE CAVENDISH SCHOOL,NW1 7HB
534514,105587,THE CHADDERTON PREPARATORY GRAMMAR (NURSERY CLASS),OL9 0AD
601866,,THE CHELSEA NURSERY,SW3 6AG
599808,133964,THE CHILDREN'S HSE (GRANTHAM FARM MONT) 133964,RG26 5JS
694502,7069,THE CHILDREN'S TRUST SCHOOL,KT20 5RU
511114,EY304910,THE CROFT NURSERY,CV37 7RL
511100,511100,THE DAIGLEN SCHOOL,IG9 5LG
135995,135995,THE DEENWAY MONTESSORI SCHOOL,RG1 4QX
523080,523080,THE DOWNS SCHOOL,BS48 1PF
537470,EY434603,THE ELMS NURSERY,NG10 4AD
117003,117003,THE ELMS SCHOOL,WR13 6EF
513243,529111,THE FROEBELIAN SCHOOL (NURSERY),LS18 4LB
599482,136000,THE GATESHEAD CHEDER,NE8 3HY
102945,102945,THE GERMAN SCHOOL,TW10 7AH
515270,EY245519,THE GLEDDINGS PREPARATORY SCHOOL,HX3 0JB
519143,,THE GRANGE DAYCARE,WR3 7RR
581478,EY315156,THE GRANGE JUNIOR SCHOOL,CW8 3AU
511043,116569,THE GREGG PRESCHOOL,SO17 1EJ
101163,,THE HAMPSHIRE SCHOOL CHELSEA,SW3 6NB
125355,6076,THE HAWTHORNS SCHOOL,RH1 4QJ
741125,144804,THE INDEPENDENT GRAMMAR SCHOOL DURHAM,DH1 1RH
514111,6231,THE IVIES,GU27 2ES
615726,148564,THE KING ALFRED SCHOOL NURSERY,DY3 2AU
654022,138768,THE KING''S HOUSE SCHOOL  WINDSOR,SL4 3AQ
111473,584730,THE KING'S SCHOOL,SK10 1DA
117650,,THE KING'S SCHOOL,AL5 4DU
123315,123315,THE KING'S SCHOOL,OX29 6TA
599814,116595,THE KING'S SCHOOL - EASTLEIGH 116595,SO50 7DB
125775,243276,THE KINGSLEY SCHOOL,CV32 5RD
533590,134091,THE LAMBS CHRISTIAN SCHOOL,B19 1AY
639642,2532842,THE LITTLE LEARNERS NURSERY,BH24 2PJ
102933,102933,THE MALL SCHOOL,TW2 5NQ
123308,EY291462,THE MANOR PREPARATORY SCHOOL,OX13 6LN
110152,EY398794,THE MARIST SCHOOL,SL5 7PS
548188,135689,THE MEADOWS MONTESSORI,IP1 6AR
136947,EY428014,THE MONTESSORI PLACE,BN3 3ER
641803,1264592,THE MONTESSORI PLACE NURSERY,TN22 5RE
107787,107787,THE MOUNT SCHOOL,HD2 2AP
113624,113624,THE NEW SCHOOL,EX6 8AT
147986,147986,THE NEW SCHOOL,SE19 1RT
123609,,THE OLD HALL SCHOOL,TF1 3LB
513530,251779,THE OLD SCHOOL  HENSTEAD,NR34 7LG
102935,102935,THE OLD VICARAGE SCHOOL,TW10 6QX
514486,SC013041,THE ORATORY PREPARATORY SCHOOL,RG8 7SF
511514,,THE PARAGON SCHOOL  JUNIOR SCHOOL OF PRIOR PARK COLLEGE,BA2 4LT
512316,,THE PARK SCHOOL,BH8 9BJ
110910,110910,THE PETERBOROUGH SCHOOL,PE3 6AP
605731,2623930,THE PICKFORD NURSERY,DA7 4RW
100198,100198,THE POINTER SCHOOL,SE3 7TH
530305,EY315297,THE QUEENS LOWER SCHOOL,CH2 1AW
512297,6039,THE RICHARD PATE SCHOOL NURSERY,GL53 9RP
518419,117041,THE RIVER SCHOOL EARLY YEARS,WR3 7ST
695200,2662814,THE ROYAL SCHOOL PREP SCHOOL DAYCARE,GU26 6BW
516023,,THE SHRUBBERY SCHOOL,B76 1HY
102617,102617,THE STUDY SCHOOL,KT3 5DP
531427,131778,THE TABERNACLE,W11 4RS
531256,EY419251,THE TODDLE INN CRECHE,N16 5LG
582093,102874,THE URSULINE PREPARATORY SCHOOL ILFORD,IG1 4QR
590225,100077,THE VILLAGE PREP SCHOOL,NW3 2YN
110567,2560795,THE WEBBER INDEPENDENT SCHOOL,MK14 6DP
607896,101573,THE WELSH SCHOOL LONDON,W7 1PD
511342,100651,THE WHITEHOUSE PREP & WOODENTOPS KINDERGARTEN,SW12 0LF
546694,121245,THETFORD GRAMMAR SCHOOL - INDEPENDENT SCHOOL,IP24 3AF
549752,2056402,THOMAS’S LONDON DAY SCHOOL,BH24 1AP
531429,100534,THOMAS'S PREPARATORY SCHOOL,W8 5RJ
599641,116590,THORNGROVE SCHOOL NURSERY 116590,RG20 9PS
115402,EY371300,THORPE HALL SCHOOL,SS1 3RD
136143,136143,TIFERES,M7 2JR
532038,EY471770,TORAH VODAAS EARLY YEARS CENTRE,NW9 7AL
136503,136503,TORAS EMES,M7 4PH
149063,149063,TORAS MOSHE,M7 2AX
535983,EY297338,TORWOOD HOUSE NURSERY SCHOOL,BS6 6XE
500947,121237,TOWN CLOSE PREP SCHOOL,NR2 2LR
682644,N/A,TREETOPS PRE-SCHOOL AT DUNCOMBE SCHOOL,SG14 3JA
106276,106276,TRINITY SCHOOL,SK15 1SH
519637,EY287969,TRINITY SCHOOL  TEIGNMOUTH,TQ14 8LY
515794,SC042022,TRURO HIGH SCHOOL NURSERY,TR1 2HU
513537,SC041129,TRURO PREPARATORY SCHOOL PRE-PREP,TR1 3QN
138101,138101,TTD GUR SCHOOL,N16 6UX
102943,102943,TWICKENHAM PREPARATORY SCHOOL,TW12 2SA
116536,116536,TWYFORD SCHOOL,SO21 1NW
524421,100299,TYY SCHOOL,N16 5PZ
102944,102944,UNICORN SCHOOL,TW9 3JX
148190,148190,UNIQUE ACADEMY,TW5 9WA
515191,ISI Inspe,UNITED CHURCH SCHOOLS TRUST T/A LINCOLN MINSTER SCHOOL,LN2 1PH
110130,EY291107,UPTON HOUSE SCHOOL,SL4 3DF
102686,102686,URSULINE PREPARATORY SCHOOL,SW20 8HR
115428,115428,URSULINE PREPARATORY SCHOOL,CM13 3HR
518678,,VINEHALL SCHOOL NURSERY,TN32 5JL
605717,2564847,VIOLET DAYCARE LTD,DA8 1SH
138516,138516,VISHNITZ GIRLS SCHOOL,N16 0QY
524199,102064,VITA ET PAX PREPARATORY  SCHOOL,N14 4AT
511153,245424,WAKEFIELD GRAMMAR PRE PREPARATORY SCHOOL,WF1 2DG
520959,108307,WAKEFIELD INDEPENDENT SCHOOL,WF4 1QG
599610,116525,WALHAMPTON SCHOOL PRE-PREP DEPARTMENT 850/6028,SO41 5ZG
537400,EY349307,WALTON PRE PREPARATORY SCHOOL,MK7 6BB
511127,6552,WARLINGHAM PARK NURSERY,CR6 9PB
125780,243443,WARWICK PREPARATORY SCHOOL,CV34 6PL
737877,144806,WATCHORN CHRISTIAN SCHOOL (EY),DE55 7AQ
515256,EY430947,WAVERLEY SCHOOL AND NURSERY,RG40 4YD
667463,ISI,WELLESLEY HOUSE SCHOOL,CT10 2DG
123930,0,WELLINGTON SCHOOL,TA21 8NT
122931,122931,WELLOW HOUSE SCHOOL,NG22 0EA
510728,113606,WEST BUCKLAND PREPARATORY SCHOOL,EX32 0SX
599679,116551,WEST HILL PARK INDEPENDENT SCHOOL,PO14 4BS
516060,EY288576,WEST HOUSE NURSERY,B15 2NX
532080,EY334865,WEST LODGE PREPARATORY SCHOOL,DA15 7DU
513519,999999,WESTBOURNE HOUSE PRE-PREP SCHOOL,PO20 2BH
107162,,WESTBOURNE SCHOOL,S10 2QT
102618,102618,WESTBURY HOUSE SCHOOL,KT3 5AS
108542,,WESTFIELD SCHOOL,NE3 4HS
125437,6556,WESTON GREEN PREPARATORY SCHOOL,KT7 0JN
518255,6019,WESTONBIRT PREP NURSERY,GL8 8QG
107453,,WESTVILLE HOUSE SCHOOL,LS29 0DQ
620455,137822,WESTWOOD HIGH KINDERGARTEN,OL9 6HR
511119,EY449864,WHITEHALL SCHOOL NURSERY,PE28 3EH
606310,EY407022,WICKHAM COURT SCHOOL,BR4 9HW
583014,115391,WIDFORD LODGE PREPARATORY SCHOOL,CM2 9AN
760797,EY426332,WILLIAMS  JODIE,CO12 4HY
513019,101069,WILLINGTON SCHOOL FOUNDATION,SW19 7QQ
111477,,WILMSLOW PREPARATORY SCHOOL,SK9 5EG
122125,122125,WINCHESTER HOUSE SCHOOL,NN13 7AZ
572001,EY413618,WINDERMERE SCHOOL ELLERAY CAMPUS,LA23 1NW
582192,114618,WINDLESHAM SCHOOL TRUST LTD,BN1 5AA
123319,EY291577,WINDRUSH VALLEY SCHOOL,OX7 6AN
120727,ISI Inspe,WITHAM HALL SCHOOL,PE10 0JJ
137809,137809,WIZNITZ CHEDER SCHOOL,N16 6QT
104411,,WOLVERHAMPTON GRAMMAR SCHOOL,WV3 9RB
513412,EY287516,WOODHOUSE NURSERY AT WINTERFOLD HOUSE (PRE-SCHOOL),DY10 4PW
512574,EY241485,WORKSOP COLLEGE PREPARATORY SCHOOL (AKA RANBY HSE),DN22 8HX
530009,6018,WYCLIFFE NURSERY,GL10 2LD
539938,EY332876,YARLET SCHOOL   707,ST18 9SU
111771,,YARM PREPARATORY SCHOOL,TS15 9ES
512583,EY297375,YATELEY MANOR PREPARATORY SCHOOL,GU46 7UQ
531241,100287,YESODEY HATORAH BOYS SCHOOL,N16 5AE
146748,100287,YESODEY HATORAH GIRLS SCHOOL,N16 5LG
594150,999999,YORK STEINER SCHOOL KINDERGARTEN,YO10 4PB
111479,111479,YORSTON LODGE SCHOOL,WA16 0DP
545369,EY389586,ZELDA SCHOOL,TR12 6UJ
109357,,TOCKINGTON MANOR SCHOOL,BS32 4NY
